Air temperature [K],Process temperature [K],Rotational speed [rpm],Torque [Nm],Tool wear [min],Type,Machine failure,TWF,HDF,PWF,OSF,RNF
299.5634326008336,308.261602956718,1902.6175313158344,25.083361577863965,259.4298587707269,M,0,0,0,0,0,0
300.05930825084744,308.4763876206659,1422.7831882602109,31.660144803264217,121.88524630801726,L,0,0,0,0,0,0
303.5182732853059,310.222604386093,1458.3838005130103,42.71995958507888,182.7868096820826,M,0,0,0,0,0,0
301.25216338950935,310.3438434381713,1809.0744022801232,35.071264106791915,156.47229712218024,M,0,0,0,0,0,0
300.6676408784182,309.029996461556,1463.6314233635665,30.69012403831915,278.4535068169988,L,0,0,0,0,0,0
298.73831876484246,310.4729492114748,1328.3268810770437,53.99030735052665,94.2464282639,L,0,0,0,0,0,0
299.05212336846125,311.30881486009,1520.725355459237,29.71718719396963,156.1093364997596,M,0,0,0,0,0,0
297.1778937336017,310.250113571561,1755.8048434326427,40.3645594191004,-40.16071930655286,L,0,0,0,0,0,0
296.6505590634672,313.6123328469775,1572.6789159609618,49.30657787590261,102.98008226638557,M,0,0,0,0,0,0
301.8197535813129,307.15880883658065,1571.2040517648934,41.1965264851838,55.35207448887983,M,0,0,0,0,0,0
300.2327169856622,310.11101951374684,1106.3970819997012,53.55028157763411,216.8820036957712,M,0,0,0,0,0,0
302.8880223024329,310.03941435064235,1613.420519553567,47.34495548028532,120.040474591577,M,0,0,0,0,0,0
297.56705717377235,311.91785036326075,1678.5515286111772,31.824118911472997,40.016962206646,L,0,0,0,0,0,0
301.4591677232751,306.86123447708553,1472.2492254677309,25.879488756053256,125.66787071793512,M,0,0,0,0,0,0
303.3901289088755,310.8126195866237,1450.1849738689805,36.05534211418987,65.8291043371178,L,0,0,0,0,0,0
298.72650823979325,311.1490245953327,1905.1116664338729,35.6366730293823,13.470359094785197,M,0,0,0,0,0,0
301.6587752868873,308.110417072888,1444.2284866756925,52.61103387511727,81.89919352783936,L,0,0,0,0,0,0
298.8050957481411,309.07300207863403,1578.7426509234679,35.52710330791112,64.47857665057266,M,0,0,0,0,0,0
301.6180319978817,307.9625695222242,1530.3609031849323,53.42289617688422,80.19542596670803,M,0,0,0,0,0,0
303.311428543632,310.26449408126103,1258.8404329299271,64.95091882449756,117.05675887996117,M,0,0,0,0,0,0
299.6887258491417,309.71090025052456,1585.6500319645745,49.60756587630868,126.04808103697124,M,0,0,0,0,0,0
299.72753442955667,309.387158704799,1797.1934077783778,40.18718221782911,97.76714125141916,M,0,0,0,0,0,0
304.28830441233424,308.4388607874598,1592.529838553809,55.13462674590868,101.08931805848798,L,0,0,0,0,0,0
300.1905552923206,309.84434898163727,1632.8250075736414,32.20278267538787,66.23275306264466,M,0,0,0,0,0,0
299.97105379435317,312.8858226080972,1713.004193248427,31.689206059035648,249.1868599393296,L,0,0,0,0,0,0
303.9709797353425,309.82349517940054,1537.6959963302515,42.80979891882101,86.44830873800589,H,0,0,0,0,0,0
298.48453377283016,308.91214902756064,1455.4871952141655,20.52724985944871,149.3968295926451,H,0,0,0,0,0,0
298.53859006237286,310.8453484756608,1196.8543518704373,44.89236496033591,201.00606356941503,M,0,0,0,0,0,0
301.1782415248295,307.81831251380925,1329.6970802422134,27.53467348671414,184.13811356416448,M,0,0,0,0,0,0
301.5951859457779,311.07083037553014,1800.9125790277922,34.419156187240944,164.38162395986197,M,0,0,0,0,0,0
297.650209642415,309.8585658693356,1238.4014006548603,50.35833734383825,183.49089588575023,L,0,0,0,0,0,0
301.31576781240017,310.4830449414812,1570.9295835683934,32.79695773272389,176.60077636615011,M,0,0,0,0,0,0
296.48366748235685,310.58644997444844,1558.9233413396046,63.66843641974947,139.2331928299419,M,0,0,0,0,0,0
300.9612902167915,312.4968525734413,1536.5227854724246,59.846155145663,142.632010271627,M,1,0,0,0,0,1
300.7194199734653,312.8045152561103,1657.9268112032337,38.978974897482686,156.09588498144,M,0,0,0,0,0,0
299.5492039569568,308.3431002341377,1138.314001885187,40.97036263703836,69.67352001490579,M,0,0,0,0,0,0
300.79893205151944,308.95285480991373,1676.7089069991625,66.23917745718089,52.098912811349614,L,0,0,0,0,0,0
300.4542917902145,309.1946798456967,1543.525541436087,50.18146501678795,-14.46784002360684,M,0,0,0,0,0,0
300.3981315056499,310.1118320015348,1684.3492883388685,23.400501518449783,142.7803396276865,L,0,0,0,0,0,0
302.4508486916651,306.80499512885024,1742.4791828345046,32.02765220964928,48.26958685754546,H,0,0,0,0,0,0
301.0857846273692,308.3938174085976,1560.3144047605585,33.54471140393932,125.43888240767616,M,0,0,0,0,0,0
299.3564380820387,309.9493243516552,1946.2751988318762,37.005043119770704,156.81793430063556,L,0,0,0,0,0,0
299.75014327389465,310.7770949163082,1176.7495185216098,50.197106973295845,76.13367555962407,M,0,0,0,0,0,0
295.37074183858437,308.5432382635629,1674.706712716979,49.68130679796252,62.17034186108484,M,1,0,0,0,1,0
299.85255902735776,307.82479519936913,1655.1758482458904,42.69951598772502,89.51981392228676,L,0,0,0,0,0,0
297.4373879544245,309.5766674845616,1641.7053457958268,51.15664141079974,135.67603715100168,L,0,0,0,0,0,0
300.76478308788586,308.19954654610024,1656.5637648248194,47.34837547533981,63.70556362779536,L,0,0,0,0,0,0
297.4797212131679,308.2204484636171,1656.5551980092714,39.6620556853227,151.63332949987256,M,0,0,0,0,0,0
298.1528619131134,309.7674424656394,1558.2757694004058,43.14737489722858,156.6552474235369,L,0,0,0,0,0,0
300.47098831737776,308.8129525113134,1641.3632540258143,46.78103533191113,61.42040262112866,M,0,0,0,0,0,0
301.4287726080843,312.3290797646614,1777.7299145549796,43.41979104838556,173.65197844196297,M,0,0,0,0,0,0
302.61501377667895,310.7128409818451,1655.3065252684853,18.84721231411128,174.95765757553085,M,0,0,0,0,0,0
299.88398430493356,310.6384874189928,1681.045783533033,47.76473354546715,86.33739507921071,M,0,0,0,0,0,0
302.79159301840855,310.0420804457072,1522.4850644525334,35.867862317249894,75.36361757344514,L,0,0,0,0,0,0
298.2086506318343,309.0200348823895,1708.9558202690152,45.28657796615721,129.0507226474953,M,0,0,0,0,0,0
299.3278346076575,310.5026190435933,1293.5541388357676,45.96478267369125,90.33613839273316,M,1,1,0,0,0,0
299.75587276657933,310.9413261595529,1143.7391417523409,42.29196859904116,127.79254779627722,H,0,0,0,0,0,0
303.03005476526727,308.011719922179,1312.020618651652,41.7628085639318,70.24049175664862,M,0,0,0,0,0,0
303.0271800144788,312.86419070701413,1370.763526789679,52.923020103498345,85.72492118601266,M,0,0,0,0,0,0
298.4632530934637,308.0716000973707,1415.2721275559131,36.518054395697405,46.98030426305545,M,0,0,0,0,0,0
300.1418656689301,307.8782889614996,1385.6104337325148,25.0554483795748,85.54342906538682,H,0,0,0,0,0,0
304.0435502385416,309.6687853740694,1421.1749193126047,40.35990311356618,50.7673637647108,M,0,0,0,0,0,0
303.7477766584674,308.6217997177381,1124.0772562681966,39.62385278772717,144.29379368434877,M,0,0,0,0,0,0
299.9928259912169,312.31505194966616,1460.253118304758,41.380681194436605,89.8484736424486,M,0,0,0,0,0,0
298.51912515062116,308.1543453160006,1853.384869978813,53.93135643535855,147.44039850451213,M,0,0,0,0,0,0
302.69675781846405,309.6536071742508,1555.3555631667919,46.605075319741374,206.68540082167112,M,0,0,0,0,0,0
303.8407443267334,313.28762802088266,1513.6725970309565,49.55244002782534,164.12182473899455,M,0,0,0,0,0,0
298.2605051968103,311.3128139629246,1379.2376547176416,39.646828435448754,144.18815819121227,M,0,0,0,0,0,0
301.6630734327285,308.7890736380483,1915.468606487946,34.9575384848784,95.73667290542586,M,0,0,0,0,0,0
299.5179650871984,306.741034435952,1447.515488643808,32.62375644915951,156.77769167655356,M,0,0,0,0,0,0
305.45478702348703,309.82078993150054,1529.8872383403645,58.96256932865612,28.866320904572163,M,1,0,1,0,0,0
300.1231578725183,310.1093365604086,1650.9702589484323,42.36855081979238,176.11173720424887,M,0,0,0,0,0,0
305.16062001033106,309.3091959138681,1479.7971404043653,26.20758393057912,158.58781831122116,L,0,0,0,0,0,0
299.7337749627096,310.6261078032961,1676.6625646411856,34.25007305962631,147.08895086376384,H,0,0,0,0,0,0
300.3163916374258,308.54406414181983,1614.6816170759007,47.67258720442823,101.62169432076496,M,0,0,0,0,0,0
300.44012256065076,313.0698367793913,1393.2332606281914,32.27199587483956,115.44594244991278,M,0,0,0,0,0,0
300.9433517933883,308.5262497623916,1126.5297079764655,28.87227269587189,73.25069546935447,L,0,0,0,0,0,0
298.7175272477371,310.3361719017941,1616.9787725647004,26.384125159311917,-22.747738047551763,L,0,0,0,0,0,0
301.4166681280854,311.53736306058835,1487.2343648837957,42.66372275917298,124.33096351509316,M,0,0,0,0,0,0
303.914250638833,308.66894645568584,1196.2667180862638,36.31341280340626,99.66812650928615,L,0,0,0,0,0,0
304.8371662052877,311.8331756444576,1583.9712138069706,55.5083645196538,253.1197275826919,H,0,0,0,0,0,0
301.3797511139817,309.78810885313584,1788.4698549937468,39.414017544291,91.58746087760278,L,0,0,0,0,0,0
302.29672813925714,311.08650416239925,1669.648855180142,48.05234103331699,214.4696542606804,M,0,0,0,0,0,0
305.9234145118892,308.3180787394808,1313.3261376675616,52.33719741385963,207.64481577227875,M,0,0,0,0,0,0
301.68937791840403,311.3976783459046,1424.8625389974877,38.49637921462842,95.95063350739647,M,0,0,0,0,0,0
300.5122664378678,308.9004005085087,1256.819649697825,56.81415206937648,54.13345776079118,M,0,0,0,0,0,0
300.78800201478566,312.0577873123197,1907.0305879057582,39.27979820362841,96.02334959135348,H,0,0,0,0,0,0
301.2788163696191,307.87533009656926,1579.8254178616178,51.76535531626399,127.39627733697512,M,0,0,0,0,0,0
299.8168273931965,311.86677212594225,1371.1166097995049,52.494072291926926,56.81385997144679,H,0,0,0,0,0,0
297.23681693010354,309.175427516662,1317.7762517948897,29.432488224909704,90.93364039326988,L,0,0,0,0,0,0
301.71249588273594,309.467332073858,1735.7078540671864,33.69279584388686,147.8686507045361,L,0,0,0,0,0,0
299.13413892434556,312.81046258077,1802.4833131186167,40.65244035286099,189.64700030310192,M,0,0,0,0,0,0
298.5976789935018,307.2119975837147,1979.031211926775,44.61033721183989,102.9097520847577,M,0,0,0,0,0,0
302.0673582907742,308.22963733727767,1426.038471342966,59.00637678176855,-80.01037684131052,H,0,0,0,0,0,0
302.6735992034747,309.50133275592214,1362.171859813146,27.91987945678394,58.52960546843617,M,0,0,0,0,0,0
298.7429049542761,310.84018310057513,1605.5231916742616,19.697290487355723,162.2154504047355,L,0,0,0,0,0,0
297.0564112943702,310.9346009085487,1703.827987030767,50.74787210196084,141.1806684855865,M,0,0,0,0,0,0
303.1962538520378,308.8204558300704,1134.7533029481428,42.74401743150649,175.36236327193103,L,0,0,0,0,0,0
297.8062313177893,308.3173368334932,1142.0893841566303,36.822064323453205,119.35835677239956,H,0,0,0,0,0,0
299.2668043480885,310.0707982298337,1285.5001609507956,31.620000017389195,13.395938683551847,M,0,0,0,0,0,0
298.1458621259747,312.54949588813184,1244.4674100218804,41.43952336236077,43.42555207829295,M,0,0,0,0,0,0
297.84912023311057,309.81257026419263,1809.3731221336757,32.43924996880027,170.36636111979152,M,0,0,0,0,0,0
302.6038062719633,310.8340148393175,1648.259649377042,51.05790483023355,63.30053132043449,L,0,0,0,0,0,0
299.70931552298276,312.1604902862244,1643.7694940637411,31.667390567841373,146.76365147820792,L,0,0,0,0,0,0
303.4790416132018,312.6195980325529,1761.0503790694293,44.49069927223877,92.9200268988622,M,0,0,0,0,0,0
300.16790582156983,310.40437000660205,1323.6273090000382,42.7223433779219,191.3758916122475,M,0,0,0,0,0,0
304.8365500606933,312.5280424735113,1860.0290890944668,47.84816419201424,186.8716226310866,L,0,0,0,0,0,0
299.0366603921657,312.0799426029689,1557.020862876303,49.87799038368512,98.54156192632637,M,0,0,0,0,0,0
301.22953408532214,310.7778736176622,1636.305174597852,41.09585081549051,61.43151104400487,L,0,0,0,0,0,0
301.1013026958385,311.09040988727594,1581.5009117405777,43.840204176613454,175.77370856510854,M,0,0,0,0,0,0
301.5967811750275,307.0395143955318,1641.8282012005425,31.619829804207747,14.062423886979929,M,0,0,0,0,0,0
305.22585774048645,311.757918013418,1238.1726229553117,26.867487728064773,24.756327539154785,L,0,0,0,0,0,0
299.6459483010831,307.6365700805771,1589.827644988689,43.109520197387965,115.24235300904137,H,0,0,0,0,0,0
299.68491768786225,308.7084155837176,1518.8775825111659,24.439017537429116,141.30055740527513,M,0,0,0,0,0,0
298.1470690283093,308.4219706898922,1334.7145138316826,37.05658005341975,30.553355956594373,L,0,0,0,0,0,0
300.630172115062,309.6622655995333,1728.3669182385706,48.86579184978488,-61.53145132219336,M,0,0,0,0,0,0
299.5290466522755,308.8398778723292,1474.7788661542982,48.367544747882775,48.80911111444684,M,0,0,0,0,0,0
303.9670541279766,307.69281974198447,1492.4781872942954,48.099369727289385,217.1526902034705,M,0,0,0,0,0,0
301.9774139785733,308.59562956630543,1508.1343602198945,18.602367950523725,97.52611918640628,M,0,0,0,0,0,0
303.29356792765236,307.5013077742566,1425.428929489364,42.74206357243897,280.15561380233123,M,0,0,0,0,0,0
301.2033355620341,310.0619488672285,1615.2458543445314,27.139904575260804,111.76788688106144,L,0,0,0,0,0,0
296.97990265731045,312.48192524690586,1355.450368546893,38.56208410783589,28.27077070157281,H,0,0,0,0,0,0
301.5030485895811,310.4275737137034,1825.6946409507186,38.04531395260211,141.04292063033165,M,0,0,0,0,0,0
301.2868893981902,310.71073953777653,1273.491906337139,36.42890081750376,169.13479764373,M,0,0,0,0,0,0
301.8094587424937,309.9231397790527,1191.0965538847258,42.85105566727201,124.35352739099204,H,0,0,0,0,0,0
300.1813645903794,313.41446447110434,1904.25610160313,43.83255696048325,76.17588960711102,M,0,0,0,0,0,0
302.6303043974962,312.5977724809584,1661.2714346283055,29.305717053508708,1.2703947986342,M,0,0,0,0,0,0
299.0708028369353,311.6686833675338,1270.7106736518274,57.82685520289501,189.51206754466108,M,0,0,0,0,0,0
305.32918108923656,308.2697007545793,1602.1670510351598,25.532310795656983,128.93867142137344,L,0,0,0,0,0,0
302.5977494988537,311.9448097068495,1640.7237826315968,47.34577438988989,15.611793083057265,L,0,0,0,0,0,0
304.0317876877055,310.6302989381517,1831.845220661638,38.52886964617658,124.92410972873296,L,0,0,0,0,0,0
300.09675353112453,310.3549650826099,1635.46232366038,34.38686562573023,207.14072373359272,M,0,0,0,0,0,0
305.6607562461163,310.6969208851308,1401.9531915456066,50.561242679603055,124.05414349515344,M,0,0,0,0,0,0
299.05752730187584,309.08066279357394,1393.888315343534,39.358689651112805,18.926624761927823,M,0,0,0,0,0,0
303.8007014452106,310.9016547621633,1494.8188467057782,48.79669043105041,194.1667141049421,L,0,0,0,0,0,0
301.7289596046496,310.7408749834668,1458.0114727205273,47.12969570845931,135.43988606057783,L,0,0,0,0,0,0
301.05293366196565,307.7366326393416,1833.4031796282798,21.24746698707999,83.2598364500669,M,0,0,0,0,0,0
301.9474416267978,310.5207709098502,1447.2002772206183,40.86312561267478,91.94087728161875,M,0,0,0,0,0,0
302.1951376513082,308.4268328832685,1652.9651451817795,36.22352990569082,163.4884077400069,M,0,0,0,0,0,0
302.877483024893,310.143274263955,1386.62515212557,34.981021140179315,-48.12979737655823,M,0,0,0,0,0,0
299.4345381102595,311.6324228122981,1419.8392007882699,44.93348072961007,-19.18310028392776,M,0,0,0,0,0,0
304.74169733787994,308.9458478509628,1663.396788586491,35.01718647219149,100.485261174407,H,0,0,0,0,0,0
300.08915643175794,311.12480302357375,1390.8788261614911,25.75434424696283,123.64361889691308,M,0,0,0,0,0,0
299.5704377916986,310.4042464669677,1782.4214976276453,44.81608406227152,120.45990534267716,M,0,0,0,0,0,0
301.2673030989239,308.04815710755105,1467.4288804126604,54.03824283250995,185.22830532715025,M,0,0,0,0,0,0
300.1019355816406,309.4229307796699,1535.0888796568001,48.77087281551687,187.18548544589385,H,0,0,0,0,0,0
301.51438625691287,308.701614720497,1273.4780211783486,36.7862858661897,111.17670435128956,M,0,0,0,0,0,0
297.5063841589153,306.77370933851086,1191.4895717265103,39.73867196116751,148.77799321800313,L,0,0,0,0,0,0
302.7715090666466,308.8012072469953,1245.7740708605163,46.537142156889566,-17.369698508472695,L,0,0,0,0,0,0
303.632380533357,309.9374043095412,1454.8508620308642,22.26200616800789,68.86343403446571,M,0,0,0,0,0,0
300.36202830380995,311.54054338666697,1595.137063433192,31.65873781343419,162.12993651793883,M,0,0,0,0,0,0
297.9414585375859,309.68870342886447,1299.1468499630682,29.6519702486747,123.4137762727977,M,0,0,0,0,0,0
297.8410294756298,308.51596190174234,1281.3628680674315,45.72223455787654,64.26086147719178,H,0,0,0,0,0,0
299.37193106601507,309.03606407117684,1577.48590223,55.38422291084254,147.5180297339881,M,0,0,0,0,0,0
301.83286204074466,309.910793836609,1402.5206870560585,37.88923826005481,151.8924095953518,M,0,0,0,0,0,0
299.401310013195,310.99900152963164,1556.8155763182554,46.40004129801705,159.81353614766374,M,0,0,0,0,0,0
299.78429141558,312.02237885482447,1336.1967245336768,45.23814383511687,162.85644579882006,H,0,0,0,0,0,0
301.146209835935,309.5773842871248,1731.7880147281126,21.22207285487673,125.41223643682474,M,0,0,0,0,0,0
301.21254706394143,308.66451586321847,1622.0242270017288,45.65207092678524,164.56573614011307,M,0,0,0,0,0,0
300.15996621069706,309.95079879986275,1553.4220100318826,63.60377365371762,29.82502093957237,M,0,0,0,0,0,0
300.1443234990534,313.1137353785782,1602.7443369876244,49.03098039132538,55.298612416673,M,0,0,0,0,0,0
304.8333273933965,312.12862135553377,1338.4280916873222,42.51170078345525,68.69249268994687,M,0,0,0,0,0,0
303.2080652761327,307.78990815803115,1590.0631168556001,46.17704792136302,102.76183564219494,M,0,0,0,0,0,0
305.87944915286306,311.14172342380795,1639.8023226495905,47.98776858078007,140.46797707067606,M,0,0,0,0,0,0
301.39212149929654,310.5135707534807,1436.171114797782,58.69186250843902,162.02499590404173,L,0,0,0,0,0,0
297.9754911818546,311.0632054651207,1708.564275337991,53.38963553103626,-3.9883124545326174,M,0,0,0,0,0,0
302.5180988181138,308.5607599997571,1631.7729432240715,51.635421454877935,27.10664245380761,H,0,0,0,0,0,0
303.27269723249816,310.0964781470962,1219.7053003902556,35.053099995305615,9.78570880449631,H,0,0,0,0,0,0
302.357304813999,309.8866694710502,1438.1588052477925,24.651275369342557,227.4401666892961,M,0,0,0,0,0,0
301.7075867253218,312.23248639732645,1391.8783937126382,48.25407758424067,143.12608547316972,M,0,0,0,0,0,0
300.1556235652635,308.13252801027136,1604.0018831944749,52.5634083600016,185.25064144853,H,0,0,0,0,0,0
302.2175673262733,309.3709256033493,1393.128785499165,39.0693076647329,43.6908606645453,M,0,0,0,0,0,0
300.4529598820317,310.7482546870734,1470.4740120634804,38.063970382107655,106.90442792074433,H,0,0,0,0,0,0
298.7193006359257,312.12651458793823,1843.6842119640312,26.018509371189296,181.9031642694301,L,0,0,0,0,0,0
297.5901413626385,311.17987049747586,1386.5223687330204,34.878195363626546,22.530189114837228,M,0,0,0,0,0,0
302.45192530929506,310.9028458333887,1486.9936898703602,48.62272935552023,56.652276120167045,M,0,0,0,0,0,0
298.34773646623944,308.6117076440167,1287.2265657223954,50.69294730155087,114.89685301938884,L,0,0,0,0,0,0
303.5870838973717,310.4323022589855,1454.374879199365,52.06638248848008,116.70221930000103,M,0,0,0,0,0,0
300.60436943123756,306.8095994196511,1405.7638559860363,54.39546319064111,90.6232755182126,M,0,0,0,0,0,0
299.9749389095632,312.14539343044305,1282.7388429544048,51.14587759804586,98.21321758225812,L,0,0,0,0,0,0
301.2065363470134,311.33953930114274,1754.0326179418469,48.35892166378514,115.73120048978892,L,0,0,0,0,0,0
301.86906519282826,308.0098971263544,1620.4365458056402,21.840181814961195,123.04836532671564,M,0,0,0,0,0,0
300.22067357633154,308.56014246386405,1442.1031998179608,27.040382912675145,246.60472329380343,L,0,0,0,0,0,0
299.80321615180867,310.32904096795914,1667.9498161279737,45.77705860851445,147.36653138868567,L,0,0,0,0,0,0
305.2583073810407,310.7704965027693,1344.9692312517632,33.69610754463339,33.53579032628676,M,0,0,0,0,0,0
298.61668660833396,311.22558916846646,1732.3259824092645,25.79153984277489,169.93131157019252,H,0,0,0,0,0,0
302.51226671868386,309.50656497491946,1667.779692622839,45.2515866613503,103.97673341373113,L,0,0,0,0,0,0
296.98131703108237,309.8157814821377,1459.676914556243,46.198890415192416,87.13372435553902,L,0,0,0,0,0,0
300.21704717884273,313.38876478778224,1610.393123511294,38.04303673534394,68.21793520059515,M,0,0,0,0,0,0
301.76289430261414,311.007774085357,1597.4530059360807,46.3187037227552,238.18380675010405,M,0,0,0,0,0,0
298.9403141910618,312.2292258779646,1607.2775653853419,32.77432301718641,159.41019705988165,L,0,0,0,0,0,0
297.54348130542917,308.06773292270435,1640.6094697870194,29.79402313158952,66.7572967054625,M,0,0,0,0,0,0
300.38545972555414,309.81825053027507,1463.3999568168347,43.70877793761885,116.13153346269952,H,0,0,0,0,0,0
297.3454627330338,308.9037455579984,1812.9104028053707,24.682087823427217,221.5752130325673,L,0,0,0,0,0,0
300.25144303893103,310.794577504467,1631.8841872188368,63.73636652527024,131.7047609856431,M,0,0,0,0,0,0
301.29531147232666,309.44566217033355,1423.7422277756295,24.987602266320756,48.53214665346439,M,0,0,0,0,0,0
300.15865836046873,312.44691320583206,1768.2582805144605,52.36870057350674,127.87691669838138,M,0,0,0,0,0,0
297.52967278660014,309.5426657787629,1583.0362312191621,39.578137202448765,97.3034356332558,M,0,0,0,0,0,0
301.9603466067192,310.68780826209667,1542.334975387934,18.323264136484813,86.67433351535175,M,0,0,0,0,0,0
302.13218842928455,309.24807808726,1559.5734424354375,47.43380738589146,132.29184587505372,H,0,0,0,0,0,0
302.62136838385476,310.58068795149075,1731.1549609760052,34.61749269347636,28.684514376937045,H,1,0,1,0,0,0
301.0092727488594,310.5216709071108,1769.649875854258,25.957596623016585,-9.454525884458818,M,0,0,0,0,0,0
305.8750033861192,309.3692046585081,1615.448443225723,44.788494947887926,127.65428515666552,M,0,0,0,0,0,0
304.69942052433214,309.9503709001055,1411.076284455474,46.88962457791029,-19.66293167487048,M,0,0,0,0,0,0
303.8871326503734,308.427000485932,1690.8101432586723,30.444563096538147,122.02101871867988,M,0,0,0,0,0,0
301.30333518899454,310.0296866918478,1497.9568032836744,18.85550304785978,65.0323722576421,M,0,0,0,0,0,0
297.88812879341225,311.23658156573487,1623.952985691602,24.024449888009684,159.429143721667,M,0,0,0,0,0,0
298.6462116109923,307.3950754423811,1567.5832522494245,40.3383447406716,77.46199707121227,M,0,0,0,0,0,0
300.5013323740254,311.1065425597069,1483.6290394746227,29.34405787304312,87.8753080096769,M,0,0,0,0,0,0
300.7424652076675,311.01029625370234,1879.4996084527177,40.19400039399277,44.71790199434084,M,0,0,0,0,0,0
298.7866333188033,310.2353095168714,1622.3256410092183,37.24972124766908,190.10612260488656,L,0,0,0,0,0,0
303.3890308981881,314.72292803113487,1365.3397624820986,27.59138585891297,70.50526733862239,M,0,0,0,0,0,0
300.9728451229741,306.737642457754,1390.6779454933462,23.633792129104343,-13.341241523365513,M,0,0,0,0,0,0
301.78366876192143,308.90842125576665,1597.9749838891985,32.213913477755085,143.81540201296366,L,0,0,0,0,0,0
303.13325967183357,310.7959827747736,1258.5286872701708,36.10907112461418,148.42708215927837,H,0,0,0,0,0,0
302.80114783797035,310.2658147621776,1658.3667023331338,38.87677679405079,141.9089674137379,L,0,0,0,0,0,0
298.3771841434971,305.7069051657853,1978.1395653168352,33.95323632638112,51.6352195882198,M,0,0,0,0,0,0
303.56205864091464,309.2439963178634,1882.2221686197383,44.02851483778703,161.72258715330184,L,0,0,0,0,0,0
301.33203784428923,308.81954504352404,1496.2420712075354,38.87341477119492,155.43013198753425,L,0,0,0,0,0,0
302.9076849184482,310.1532856857916,1398.4820617758046,37.75424920017363,68.20743945273725,L,0,0,0,0,0,0
300.46173343387795,310.0247953758805,1375.9535777980732,39.42936667236435,-43.775122827829534,H,0,0,0,0,0,0
298.8200991442235,307.25787988087575,1324.418009525243,40.036107427534354,51.086285649759695,L,0,0,0,0,0,0
302.41970567663157,310.0661342574901,1307.9571365000668,22.16705465855995,88.61536173343659,L,0,0,0,0,0,0
304.31805003385074,309.5610424296332,1268.149003622238,30.88852682349715,51.78642047111396,L,0,0,0,0,0,0
302.72125527836977,308.4883798103344,1435.2133232332726,57.99757530851616,79.22336023126593,M,0,0,0,0,0,0
300.3473058215589,306.9818590677789,1748.1838952984278,30.57247250694794,83.59768295485205,L,0,0,0,0,0,0
301.8269347714478,309.0194963209218,1640.0649589480518,50.50815284727132,75.11969213918947,L,0,0,0,0,0,0
298.6817532595851,310.68097437871296,1538.2203163718416,59.11476357038305,130.62269689379752,M,0,0,0,0,0,0
304.3117006979962,309.49126716701795,1229.5774797171273,53.90553587371356,63.85985904824341,L,0,0,0,0,0,0
300.5619233954179,311.3582598415932,1848.3370749866162,42.67848071041576,143.0968609450302,M,1,0,1,0,0,0
303.1358116433117,309.32410293276456,1261.1663832241015,48.26963440763721,82.41144031337225,M,1,1,0,0,0,0
300.93661548292476,307.69253083150653,997.7606337763931,38.38626064182701,160.18092696055874,M,0,0,0,0,0,0
303.2963036165285,306.97893357526,1570.7615418339155,19.636584183616645,130.2752731551578,L,0,0,0,0,0,0
300.2996193919041,308.5680705936205,1263.149905038146,34.118982737141614,152.77863473662353,L,0,0,0,0,0,0
300.0116975756132,306.86974685768735,1761.185607876872,31.239919801572483,171.64026287482773,M,0,0,0,0,0,0
300.3220340070058,312.7514587061243,1529.4871719523494,42.81704528052671,127.8054348863297,L,0,0,0,0,0,0
302.18220055566803,310.9038854547584,1578.0428041193811,42.43931633333682,190.40192582259985,M,0,0,0,0,0,0
300.4039145027242,307.57589118033707,1554.302540688726,56.57850825627098,54.20834724406447,M,0,0,0,0,0,0
300.03772950162,311.3441297300157,1459.7976471992642,35.951812824959575,120.64589826253165,L,1,1,0,0,0,0
304.34174105665846,311.14594555432546,1590.929419403812,29.32171894769772,198.889601755626,L,0,0,0,0,0,0
298.3644458873288,307.14414266896733,1633.7375108610026,43.404901355277325,89.58500711722434,L,0,0,0,0,0,0
302.53226781316215,310.19528671226783,1153.8064264352943,36.39463790326369,32.682651952734986,M,1,0,0,0,1,0
299.76772915364154,310.599868719664,1775.6243934095205,47.7401671728196,45.28782471693518,M,0,0,0,0,0,0
303.49100351092744,312.795901695366,1052.078034570539,36.33436697640202,125.24596074327305,M,0,0,0,0,0,0
301.1882371218921,307.892306832908,1412.3684905793446,38.36101305455294,197.0953662943924,L,0,0,0,0,0,0
300.3275257489211,310.1366716525046,1794.061743260314,19.862954964915048,210.7913792659488,M,0,0,0,0,0,0
303.49388037091984,310.5360375895853,1668.3461179876476,43.68715532562646,28.916297445200485,H,0,0,0,0,0,0
301.4910944205161,308.79783447162646,1050.567338710298,36.18810713658904,45.7048982834092,M,0,0,0,0,0,0
305.0140015868791,307.07155747509444,1534.4316857159981,41.97043924008189,86.36188315745007,M,0,0,0,0,0,0
302.4202434283585,311.227239395545,1692.1162644331423,37.05881110447243,103.0099745953194,M,0,0,0,0,0,0
299.27174534678494,312.5479268336167,1513.011285517194,46.45101903481333,112.07237713305508,M,0,0,0,0,0,0
302.24054232232413,312.22707958611045,1604.9322142979202,29.86970315243444,76.9514366574307,M,0,0,0,0,0,0
305.32158884849775,310.2264111602026,1613.5190462625476,33.44999413947096,110.72562603229412,M,0,0,0,0,0,0
299.93444275598125,310.99017457453874,1588.745236461842,47.31603858066666,202.4889858718861,M,0,0,0,0,0,0
303.4747082042407,310.48853733181966,1454.9357235056812,48.52272813094514,157.37116539114095,L,0,0,0,0,0,0
297.45881081576454,309.76519896116383,1499.4951596308576,32.452634623550445,35.241756826422446,M,0,0,0,0,0,0
301.62362376296835,309.5825009883047,1528.588705521687,33.518659438817885,241.532222443565,H,0,0,0,0,0,0
302.80501844267354,309.75248515934885,1392.8178223917039,38.75407140577251,174.9087503668159,M,0,0,0,0,0,0
301.5995791793917,311.7933250698993,1666.5830841951465,26.47696539655949,80.18419007637765,L,1,1,0,0,0,0
300.57715223450407,311.39045720191336,1623.7138684026163,25.744576942183336,139.28534006745463,M,0,0,0,0,0,0
301.3341542470644,311.1575425636229,1342.2300294034828,49.68396548932924,53.61957210905408,M,0,0,0,0,0,0
301.17115650943737,309.0992640581354,1919.2935070667415,22.643843819365067,91.91327255790496,M,0,0,0,0,0,0
303.9445095243004,308.15244741868673,1720.3868620769695,52.252505431426826,153.05399719604648,M,0,0,0,0,0,0
303.2703152268015,308.7824093383893,1675.0871925598537,51.57702113338449,130.51222600216323,M,0,0,0,0,0,0
303.86632438894264,310.295616386617,1769.019803097935,36.50690688623999,142.23829718034955,M,0,0,0,0,0,0
296.8131604044795,309.8263227799287,1750.995700187529,36.59134468624115,91.6802989911929,M,0,0,0,0,0,0
299.6653027590075,308.83431191586686,1323.8069764469942,30.905974603085056,194.4986642919498,L,1,0,0,0,0,1
301.71974189116503,310.0436818357633,1389.5630158776287,36.123977911631066,108.61136631299526,M,0,0,0,0,0,0
299.0889489505271,310.596135782814,1608.542213303295,36.23375754818713,109.28043644930564,L,0,0,0,0,0,0
298.88485501665235,309.354134852986,1491.7347096104613,41.69989605792361,39.43196712070285,M,0,0,0,0,0,0
301.69496325177374,312.0786122051915,1522.3016594639255,52.82014018476174,70.90465025895676,M,0,0,0,0,0,0
302.0615047825094,311.3527596521641,1608.02434440962,39.44467502543751,160.22040170005488,L,0,0,0,0,0,0
303.6357693682408,309.9398062738242,1161.67057865875,62.10521067492592,141.66675571392102,M,0,0,0,0,0,0
304.50725221554256,310.5957936904246,1542.9106493431248,38.72334939081471,97.211449202716,L,0,0,0,0,0,0
299.2807824887209,309.90580191513186,1484.682401111868,33.95281772054505,58.66790763966752,M,0,0,0,0,0,0
299.31449744396605,310.3105156537901,1442.5166422312218,33.29367477531679,72.98359710613799,M,0,0,0,0,0,0
298.7169976940937,309.8252146496247,1786.336517154283,55.85633270016104,90.15258998052369,H,0,0,0,0,0,0
298.29258124191193,312.64391609787793,1388.8517885207361,28.11450633320041,24.22900736489018,M,0,0,0,0,0,0
299.6656917517222,309.7103265333181,1166.8445454063242,35.54612456924423,44.18302395454917,M,0,0,0,0,0,0
300.09351233244723,309.68442080596947,1832.4660326272567,39.85936622654761,76.17297541673837,L,0,0,0,0,0,0
301.227991614022,309.20750344437926,1420.441164050493,37.963059427382845,56.15611345844941,M,0,0,0,0,0,0
304.1921084403716,311.04992405304387,1493.370306398197,40.3921001626794,99.12214059650252,L,0,0,0,0,0,0
302.14412212197146,310.3130889746896,1515.0070166847158,25.81042353871498,168.4784305762401,M,0,0,0,0,0,0
297.6636822941211,308.1705336877736,1549.0528012583604,50.08881166382773,107.13402655212636,H,0,0,0,0,0,0
300.13511545626955,313.6292714936217,1487.1584062151333,52.95990085387239,26.504882790449088,M,0,0,0,0,0,0
303.0010540247602,312.6091825871164,1540.009566627615,55.95099903589758,178.23674283088252,M,0,0,0,0,0,0
300.25292647306367,310.539964865354,1503.243154143515,37.71437791169994,12.170551949187155,M,0,0,0,0,0,0
304.20254090050554,309.1748018159873,1581.6064438171034,34.591399509544665,142.65200399855428,M,1,0,1,0,0,0
295.7735176512044,308.3525772059666,2093.6530340079726,33.623562650355694,86.33644823021541,M,0,0,0,0,0,0
300.02574884319455,309.198978080698,1244.6482144656904,44.56008469545686,41.31836659493564,L,0,0,0,0,0,0
298.28861273575535,310.6320876137748,1055.4146465643241,29.88275924083428,176.15117218631858,M,0,0,0,0,0,0
299.81043291139116,308.81359897967747,1104.9574509607455,45.78580398788949,226.2128533755295,H,0,0,0,0,0,0
299.0349554287771,308.4815881896138,1451.1148700868039,63.28581337086848,13.129663181381488,M,0,0,0,0,0,0
300.8060523746606,309.3173584229653,1278.1314690973304,34.762556872490066,168.11540943354362,L,0,0,0,0,0,0
303.56779487308745,308.23184679110614,1340.050037498379,30.18293074306393,174.2249620117351,L,0,0,0,0,0,0
300.24674773795044,310.750809890284,1599.7693713981312,41.144481604651446,-0.4695298337074831,M,0,0,0,0,0,0
304.9468449808939,312.53320437881246,1687.964192613637,43.107061191945846,35.462386236028394,M,0,0,0,0,0,0
299.66686978347445,311.39262344193685,1443.3163761561716,31.985254561247487,79.28753407439496,H,0,0,0,0,0,0
300.57725695265617,310.4859079752946,1133.9110933894633,52.96482740325506,4.464696510005183,M,0,0,0,0,0,0
303.04053392074394,309.573845320453,1312.8023607605023,33.326577955400936,58.590141587653925,L,1,1,0,0,0,0
298.81965900596225,310.9652903309754,1447.6062285294036,51.35830728853722,170.7371577993633,M,0,0,0,0,0,0
299.04860595863124,309.84236700907803,1592.8615865356874,53.69247864250981,192.57389315030343,M,0,0,0,0,0,0
300.61070100368886,309.2243063633122,1889.0328973760804,26.79010561898241,59.99455559152113,M,0,0,0,0,0,0
297.15473300663064,308.8207985871418,1684.0456934431447,41.53819648569552,59.21995847134162,M,0,0,0,0,0,0
298.8499126419461,309.5915014821676,1363.4034349247959,39.98093578294438,157.4370796936203,M,0,0,0,0,0,0
302.276489094572,309.9623727472272,1662.8626509006765,37.00289439389106,13.624311531811005,M,0,0,0,0,0,0
303.67984295229337,310.6265893914698,1307.4782726686303,36.570649897456896,115.81609760854684,M,0,0,0,0,0,0
301.6060823992902,308.1255804347754,1598.2672144638059,42.95149816281524,67.3022352299343,H,0,0,0,0,0,0
304.4355102672099,307.8284607934101,1579.3172176515027,51.18691715695115,167.9402716373297,M,0,0,0,0,0,0
303.3813998736842,312.7742712281527,1676.2068541145331,41.12356873292818,77.16738447203045,L,0,0,0,0,0,0
296.3650043191913,309.9229230262169,1371.122599425779,36.21120565671666,119.02782579440384,L,0,0,0,0,0,0
302.4448642995132,309.7249826979326,1453.793828293065,36.53721435886504,205.9971213415389,M,0,0,0,0,0,0
297.50726785576,308.420771063193,1419.6553911592712,29.78557926290157,109.33005815275968,M,0,0,0,0,0,0
299.64400195231747,308.08768375565774,1544.7933706614838,59.912347741287,45.89525065493816,M,0,0,0,0,0,0
299.865088216622,308.2666976332146,1417.8285376436988,43.9524870551111,241.98171509060768,H,0,0,0,0,0,0
300.74333800526904,310.7315531002303,1445.4310408083925,55.75407136052144,29.820035276588317,L,0,0,0,0,0,0
298.5805590088138,310.66108723202785,1477.9387142100918,46.56255345777759,110.40969126353508,M,0,0,0,0,0,0
302.142124891769,311.2177164445192,1826.9202300090594,39.16173706839633,64.8258350734097,M,0,0,0,0,0,0
302.9325057353056,309.65428804298364,1777.719589391912,46.65886061069472,96.48706083259005,M,0,0,0,0,0,0
297.7211302634724,310.8628816994536,1622.463274606925,38.70939609677469,12.676698471663926,M,0,0,0,0,0,0
301.59857544761144,311.4600699144741,1752.6133116940628,46.04683949280958,-46.2426746825945,L,0,0,0,0,0,0
304.7622146494716,309.8140261077788,1720.1521222710965,42.69592218405332,56.35818532785607,L,0,0,0,0,0,0
300.03465256463176,311.2943309970541,1457.5765080894064,46.45286266400335,21.0604290274255,M,0,0,0,0,0,0
293.7462771237973,312.0206917524409,2023.033463697733,35.7771369191673,136.81283856906092,M,0,0,0,0,0,0
302.43145817424846,311.21073052049604,1819.713023597634,30.407488634325865,63.07389332869422,M,0,0,0,0,0,0
300.19929947016124,311.4705189356445,1133.8089454418769,26.34889006512132,13.832580180370243,M,0,0,0,0,0,0
302.5351465943408,310.23499054053786,1598.1413821762308,29.463296028189355,54.81890034343906,M,0,0,0,0,0,0
300.229726276195,311.9267135438922,1367.4527732401293,30.12599003833169,126.52222650459132,M,0,0,0,0,0,0
300.60632493100485,309.77762842308283,1347.5590876894844,45.08283948492228,91.75894695975477,H,0,0,0,0,0,0
301.0122754281588,309.8980877074369,1683.4164788035698,40.83669940728318,48.27993879695939,M,0,0,0,0,0,0
303.75690920786,312.3784496748223,1392.6323705010846,35.581781665534216,199.340221437292,L,0,0,0,0,0,0
297.7968865571981,308.84595626222,1389.9115034029503,44.92858059573933,72.16134162550755,L,0,0,0,0,0,0
300.59464234747384,310.03760067215586,2026.6857467763193,32.416710446193186,262.0083984902403,M,0,0,0,0,0,0
297.2773434775767,307.4476383094972,1712.298002648505,40.55926084075425,71.81545177419672,M,0,0,0,0,0,0
299.72751440363567,309.902916781947,1635.827513109133,29.61035902397175,48.606467790830095,M,0,0,0,0,0,0
302.0065212852014,308.98639658666355,2051.812552795421,46.51273473439646,136.3820693507537,M,0,0,0,0,0,0
301.1850009629544,309.43652897917286,1484.6103446433742,30.116915856580366,28.24890645966994,M,0,0,0,0,0,0
301.69662486960027,311.03402559429446,1587.1724769934976,35.28152332827781,122.13674606030864,M,0,0,0,0,0,0
298.2162466945054,312.0802947359705,1301.581938626079,59.11033652152874,201.7266168114288,M,0,0,0,0,0,0
299.4045047039043,311.7580255285684,1872.3169409389766,38.64137829461138,159.44863271504104,L,0,0,0,0,0,0
299.88481890980347,308.73606334246097,1248.1738146680066,69.58784985209925,10.13452132395244,M,0,0,0,0,0,0
299.711386885218,311.52178615244566,1702.4569604875182,44.45070567938636,130.3362797331836,M,0,0,0,0,0,0
304.2289752159055,308.9915899151155,1736.4628854518944,51.58561720882071,134.57988785205706,M,0,0,0,0,0,0
298.2717284055868,309.01742325174075,1221.4444178825033,31.40431577605808,109.9814727250617,M,0,0,0,0,0,0
299.36016871766935,309.99203670777075,1651.7746807157275,30.274290210709864,142.88766262967158,M,0,0,0,0,0,0
302.5870302055286,311.9340573960646,1664.5429370231216,34.3666749214826,152.66858377562784,M,0,0,0,0,0,0
302.4028646579965,310.3027829709403,1401.7774807647666,30.92401602439785,155.30219768866212,M,0,0,0,0,0,0
303.2250713525338,309.499786699597,1663.59779294801,42.12256373949029,9.857261614453009,M,0,0,0,0,0,0
299.08828260065684,308.07868271283223,1735.7566074243846,35.06363196258899,190.80497638521547,L,0,0,0,0,0,0
298.3179614736988,310.70297287207273,1477.57563487044,45.0352782523969,81.04217015605272,L,0,0,0,0,0,0
300.0693821491649,308.1608180821076,1479.7103984098974,45.92545590223517,119.52376703608184,M,0,0,0,0,0,0
300.87290290502847,311.9482453756322,1449.7580710226553,39.3886633223124,29.338214548418943,H,0,0,0,0,0,0
298.74616853463897,309.7192203466128,1437.4668575639944,30.57379871355209,97.18815160683096,M,0,0,0,0,0,0
302.9979668294421,307.09260350221416,1725.15731860603,39.80710386735143,165.64547665703228,M,0,0,0,0,0,0
303.74664906532746,308.1972002033696,1885.4495734192242,33.41391081604122,157.11111345479253,M,0,0,0,0,0,0
299.31876067144094,312.00110543741965,1587.4875868265963,65.30762280773874,68.47817421207483,L,0,0,0,0,0,0
299.88875797486,312.32478512551086,1275.7263089550988,39.59679156381634,22.010327373694807,M,0,0,0,0,0,0
299.09752682812376,309.05531651530674,1677.5973298886781,33.76111047696395,124.92335274637772,L,0,0,0,0,0,0
302.0087854714722,310.9938399633106,1558.6904105414594,41.65983685190495,142.05123948602704,L,0,0,0,0,0,0
298.61821570428367,309.99770344031737,1330.4427851330377,22.513047829142824,-57.07892725575857,M,0,0,0,0,0,0
301.877923216473,310.246342549808,1488.163937894716,50.6472520368793,134.81988915436835,M,0,0,0,0,0,0
299.9623628053471,308.0985785911602,1585.7843119894164,36.13030595238898,95.01007815748548,M,0,0,0,0,0,0
300.25353929026653,310.28485325350385,1402.408035091704,55.08312634670573,100.877156505861,M,0,0,0,0,0,0
305.4767171559547,308.1003072743827,1264.4632785763574,39.87013208003271,81.62219488008805,L,0,0,0,0,0,0
300.92692630337456,308.15644507605606,1446.3793387910237,42.02022825069313,12.864388879660694,L,0,0,0,0,0,0
302.5349613051799,308.89600775671744,1657.8485394820257,38.42748479716116,141.88989068939526,M,0,0,0,0,0,0
300.80802786612276,310.29008937469564,1442.465796942147,14.196219679585624,170.66097778390213,M,0,0,0,0,0,0
298.08826054795946,310.6980637349575,1714.2090519197125,27.29487537030738,37.5116296956958,L,0,0,0,0,0,0
301.7848796976689,309.58297191097216,1350.3928760268113,47.419561797893664,7.771118886464933,M,0,0,0,0,0,0
298.1134536813085,307.95130733755906,1236.5161695870356,42.1539681395826,171.42035867555262,M,0,0,0,0,0,0
303.76222190260427,309.91852235968,1457.8877526615256,35.12045963822848,-5.45518886625311,M,0,0,0,0,0,0
301.5611767305801,308.8224756592928,1335.555445926751,33.175016792614485,119.61539848835446,M,0,0,0,0,0,0
301.6846960441252,309.011820121909,1414.647187811735,36.05277972440428,124.21886845823978,H,0,0,0,0,0,0
298.8639297321854,310.71553528107,1355.9869124897484,48.082080009577865,139.6129508390636,M,0,0,0,0,0,0
298.11542397136105,309.8850307271654,1540.1604329669979,42.71862346327497,159.19802382531765,L,0,0,0,0,0,0
301.11171125388455,309.74345749353046,1285.063952629933,41.855252313008805,111.71344071888116,H,0,0,0,0,0,0
300.6815363614927,311.9909045032848,1758.427522622499,41.63580924425512,8.1307651977463,M,0,0,0,0,0,0
301.88219947874103,308.9359746851821,1427.732965632561,37.91003179119741,191.34099536269687,M,0,0,0,0,0,0
301.6338117096772,310.8077748401414,1379.0988225619087,51.21639904769764,126.70335134331611,M,0,0,0,0,0,0
298.9276309475808,309.01665763052586,1368.0580510970426,57.87777907780533,136.75786539170736,M,0,0,0,0,0,0
301.69751576626027,307.8067174204025,1548.0641023607961,40.27237425191579,83.90937615935158,M,0,0,0,0,0,0
300.3112207112447,309.05147369672216,1493.276417378493,56.87504602564756,123.88229808936588,M,0,0,0,0,0,0
298.0875636390938,308.7962392368497,1528.4699555635632,38.5439698081377,49.97592750837032,H,0,0,0,0,0,0
301.9898620409633,310.9160731072057,1487.1800219066215,39.18815981530414,141.8219682970821,M,0,0,0,0,0,0
300.5756866990282,310.4952962346131,1557.2647795235891,60.60142064291031,105.46844173143506,L,0,0,0,0,0,0
299.57300746390666,308.81428916368657,1473.699266282779,41.26138341126608,80.08120203313982,M,0,0,0,0,0,0
300.0108139465184,311.848993627745,1579.935378421653,29.644390254340763,165.04824874155497,M,0,0,0,0,0,0
303.4908272826371,309.1028614396908,1484.834302758611,24.226744310508288,116.66544067677272,M,0,0,0,0,0,0
304.4617737248753,309.1157770637354,1568.65757709739,15.393724687986694,133.3915573906287,L,0,0,0,0,0,0
301.9649956521761,309.5959724758476,1583.9964508343314,29.720036653625503,45.60660988997104,H,0,0,0,0,0,0
305.15716360836456,307.39198020275154,1575.586624205305,37.37904638535299,154.25315461227692,M,0,0,0,0,0,0
301.3376848106766,312.0658079849352,1474.316089306737,38.32563860936131,59.97298420574124,M,0,0,0,0,0,0
299.74207898517244,311.7550378586667,1378.6594960999887,41.69457969666,191.7210859595029,M,0,0,0,0,0,0
301.0067872514037,309.6605367637921,1613.5788525906528,45.18608156280228,32.51785110040453,M,0,0,0,0,0,0
299.38894144601295,309.117211105709,1034.650014658402,34.2006294519145,-15.885050996102136,M,0,0,0,0,0,0
299.0494757489855,309.3493659306197,1847.948826077876,41.7184726217066,146.83068891040386,M,0,0,0,0,0,0
302.73428865972386,307.6988019792312,1724.6781897372202,32.59818335280186,95.27553872727913,M,0,0,0,0,0,0
299.0469022342237,311.17612906977035,1391.0849190410152,43.9413759031286,187.2947062875933,M,0,0,0,0,0,0
301.0559632021068,312.32095136172506,1341.8204978139129,48.37466590469997,185.8707418732531,L,0,0,0,0,0,0
301.50714339804205,309.4046309167689,1432.026588267046,23.20292232121926,179.8873879495696,M,0,0,0,0,0,0
302.98310829171953,312.39526754969063,1200.9769162790737,38.14699699493737,83.95889961873164,L,0,0,0,0,0,0
300.33972691213916,311.0380487494831,1290.8682445417587,36.26921776043597,109.5980080326227,M,0,0,0,0,0,0
297.17543611758015,310.3604712875349,1618.0336836313277,33.637358740829114,21.514791771051264,H,0,0,0,0,0,0
301.558174923569,306.63583528573304,1955.404883272103,43.785512322463234,76.1143192166617,L,1,0,0,0,1,0
300.9474132181165,309.6410946257608,1791.431008805737,46.50751049438547,62.75957221589103,M,0,0,0,0,0,0
298.139672941585,311.0173178633973,1807.942989623718,37.36885459487774,11.41724543411584,M,0,0,0,0,0,0
298.5696941865544,306.9797321729635,1564.3452338910254,40.79686582133277,158.72149957212696,L,0,0,0,0,0,0
302.6707467712962,311.2736099036642,1589.5787220729487,22.75215444422549,149.50532489255764,H,0,0,0,0,0,0
300.71847062388343,307.4385282648033,1570.2073678473525,37.06407898200396,65.20958613439564,M,0,0,0,0,0,0
303.3926076426978,308.8818312915576,1431.7800535118793,35.903657316188834,171.6163637016798,L,0,0,0,0,0,0
301.31364183891327,309.9730277463314,1454.5957492869159,48.13720638893533,-25.872705102119284,M,0,0,0,0,0,0
300.427579085585,309.59868621672416,1239.988478212309,40.269152799320274,153.32026738330254,M,0,0,0,0,0,0
302.4601479234267,310.4237115092212,1517.576559374778,48.11649459855835,67.601107848883,L,0,0,0,0,0,0
304.0140904495698,309.3938031250057,1513.7822141793608,42.706042516925,144.04838484911102,L,0,0,0,0,0,0
304.5282691774538,311.3269399904776,1261.6484818457432,31.631209828593484,37.558372610284025,M,0,0,0,0,0,0
296.7194921074471,309.9618367670759,1666.0412546159757,49.59898212602168,188.7498722872839,M,0,0,0,0,0,0
301.1644025914648,307.7961250164657,1553.2103529147705,45.91955656246452,5.407085784609265,H,0,0,0,0,0,0
302.5260421599007,310.181029244415,1752.27150584943,43.16983500498605,65.51262903246644,M,0,0,0,0,0,0
304.0589729985349,308.46219326348364,1683.7020477545484,35.66865244761302,165.02940894518846,L,0,0,0,0,0,0
299.28414923028436,309.15592574239804,1467.6382058820864,40.6269351797133,52.65993609199212,M,0,0,0,0,0,0
301.8574071175635,309.7645155823939,1457.3273311579524,14.69473087992148,76.60491258979063,M,0,0,0,0,0,0
302.5640344568369,310.5172951347097,1566.672927616528,44.82410233488838,-63.4258582902184,M,0,0,0,0,0,0
298.574552066919,308.9292319923901,1382.375442655033,36.89745339262346,157.2727043874089,M,0,0,0,0,0,0
300.40928206799083,309.314709835305,1730.8150442656997,27.78734072177556,103.38770376921772,L,0,0,0,0,0,0
301.2288604368096,310.93296093903183,1714.4679915749791,43.79344731434851,200.6236926226943,M,0,0,0,0,0,0
301.47245014762177,310.4968036370656,1600.9625308564757,31.186019084935094,21.04488673625848,L,0,0,0,0,0,0
305.3103448373269,310.1376499580505,1888.910372360013,38.00509331677129,194.3643542570828,L,0,0,0,0,0,0
300.3074305351955,311.01402323967415,1403.0002632008332,38.74694241382564,97.92832128214754,M,0,0,0,0,0,0
302.17948483927756,311.01098742226645,1367.4140943018429,33.13237774119647,114.20904599041548,L,0,0,0,0,0,0
305.91357747005037,308.29274468751186,1764.8032135272142,33.5776564398323,76.32480490540962,M,0,0,0,0,0,0
300.12663219569043,310.3874176960703,1402.0449544181113,43.98203544790022,64.87674642637788,M,0,0,0,0,0,0
300.7706197398858,308.8894205337388,1346.1518153047098,22.003633542141497,106.88112227382882,M,0,0,0,0,0,0
301.2033418934018,308.1688389234224,1510.1430744265374,26.918191849814274,124.11749072601285,L,0,0,0,0,0,0
297.0731478874592,310.7179646695351,1839.5842146351517,43.47373951939793,232.0960183115976,H,0,0,0,0,0,0
301.8697328157174,311.38253693431005,1760.0861220831614,36.38345407599519,73.61073853203686,H,0,0,0,0,0,0
302.2442716231758,308.8350361964413,1389.706433119328,53.34623010876173,138.5641889650107,L,0,0,0,0,0,0
302.78810870986456,310.76296120211094,1654.6821578972458,32.24686543542403,46.21527057902109,M,0,0,0,0,0,0
301.35840548468025,309.98774861311097,1464.8984163925734,34.89314740379128,-6.061357454878348,M,0,0,0,0,0,0
302.3816349484328,309.2699485459528,1796.3204961831193,43.26637682775794,108.33275587338046,M,0,0,0,0,0,0
299.4141267730829,309.9155873348941,1826.4044689599107,36.19435636532984,176.96161320794965,M,0,0,0,0,0,0
301.997833406235,310.9581735861205,1837.3743025032463,35.04824461206228,156.47579272354352,M,0,0,0,0,0,0
299.80105609165315,310.36609764198084,2069.5802078528445,26.960101035390277,59.7091834785587,L,0,0,0,0,0,0
299.0906773521768,310.6602802787364,1767.267691539454,27.05081688467777,154.5818536892185,M,0,0,0,0,0,0
297.309427781769,308.1929206818297,1664.1842454774157,37.97921508633181,84.91005122398967,H,0,0,0,0,0,0
300.8686343942495,310.00616016249546,1501.9887595690961,39.98679053587263,196.84936629227929,H,0,0,0,0,0,0
303.0478096365705,309.58129398957425,1453.25409235759,22.79180954045269,13.916344441440955,M,0,0,0,0,0,0
300.9537089281109,310.1351275457314,1396.0657057082049,49.45053733836004,75.34547645098304,L,0,0,0,0,0,0
301.43206313047693,309.2874491534465,1706.4600395298278,45.47043459639053,-12.131845161156493,M,0,0,0,0,0,0
304.0094191717665,307.0617558714832,1495.5506177871273,39.47204965259182,-18.97828209306138,M,0,0,0,0,0,0
301.3339721317032,307.95515124874964,1650.9371484328574,33.023316017901244,134.2521645958551,M,0,0,0,0,0,0
301.86951244125737,308.8193993070351,1720.4037806645147,31.611879113474053,40.84814176828412,M,0,0,0,0,0,0
299.9182783276564,309.5481001673611,1173.1411523556524,41.90467949979195,9.797856653960167,M,0,0,0,0,0,0
300.8961105987317,309.9532461368813,1325.3449808019614,61.66308756597282,181.93054686782864,M,0,0,0,0,0,0
304.20418594983164,308.5682342934178,1495.7061316098973,33.71543908856318,103.8731948943518,M,0,0,0,0,0,0
300.2830441977049,308.9249826699432,1707.2950005377136,32.47019011148126,163.76116186854944,L,0,0,0,0,0,0
302.4961059318642,309.50380933421496,1636.0377292724856,53.69563779021431,37.43765675519771,L,1,0,0,0,0,1
297.92133530849895,308.5518665252965,1470.5234975445853,39.44421813600641,123.81188058423436,L,0,0,0,0,0,0
298.7513960547838,309.2842052709664,1384.9533757660686,49.30291152147644,-3.1906719167484283,M,0,0,0,0,0,0
305.6544889135779,308.7216259885007,1282.124849307855,31.206824191530423,137.26232613216388,M,0,0,0,0,0,0
301.54421009002715,308.88688588669606,1766.8548209458716,54.9586477267699,143.97791044248234,H,0,0,0,0,0,0
301.4155355981994,308.7879057407339,1564.1935961623865,57.82882832124653,170.9046140922482,M,0,0,0,0,0,0
303.5506387433864,310.9345675665134,1348.3904809205292,34.88946824881863,48.141898629973504,M,0,0,0,0,0,0
299.18971041851466,309.6815817387239,1723.9888854706885,48.91405345025335,62.02277265112026,M,0,0,0,0,0,0
302.3905390391076,309.5588345257082,1505.6702436225921,33.59560940929207,0.8093244177275949,M,0,0,0,0,0,0
302.4738161023851,312.17873649914463,1978.6091098956647,65.06068475265363,101.95531357894308,M,0,0,0,0,0,0
301.8749894564823,311.58196449782463,881.0021715990326,28.555747638747956,52.61068820212596,L,1,0,0,0,0,1
301.82423655754656,309.53278622482424,1578.2109364642488,43.07388604083627,202.29115283131117,L,0,0,0,0,0,0
301.71670465216954,307.5148700963265,1859.1917258437445,38.60913757805942,169.05703578743265,L,0,0,0,0,0,0
302.20560382275545,309.86113382206764,1556.8200824887783,46.29793576160466,113.11769351630934,H,0,0,0,0,0,0
304.45503358612035,309.50041239015604,1711.9110749881083,45.90986188104138,127.15525054982258,L,0,0,0,0,0,0
299.3258777435358,307.7406805287343,1223.7475410270677,34.803549683607336,-5.872201680399854,M,0,0,0,0,0,0
302.44576533090867,309.43255467051034,1524.4625063290416,44.0295040530393,109.70514777146876,H,0,0,0,0,0,0
300.9318008254435,308.2225072831493,1534.7725646970239,34.31102223825537,148.58781197725645,L,0,0,0,0,0,0
302.5871705515127,310.28700312631673,1714.0363655110643,56.7778746314069,113.24409152109308,M,0,0,0,0,0,0
302.5396104666011,309.1214271026499,1653.6800373711599,38.002076555227305,193.08352595806312,M,0,0,0,0,0,0
301.9930002473874,310.63224677883534,1635.2334596373032,13.717141774016394,159.6313978812707,L,0,0,0,0,0,0
299.82170133262525,308.9520754247993,1621.1885401548977,44.89999637824,-22.38238701049053,M,0,0,0,0,0,0
303.48102736863575,311.2371056287605,1565.859498941204,41.14189704794278,117.98713909193955,M,0,0,0,0,0,0
305.7282881169348,307.2786879018483,1471.0568264410476,35.02979230594486,49.99662083611388,L,0,0,0,0,0,0
298.2130164287211,310.78162874090305,1662.0408188004837,47.552412188584825,103.76789957422685,M,0,0,0,0,0,0
299.5519028676121,311.06641458956705,1393.6564030585123,45.59008963764661,132.79430741835202,L,0,0,0,0,0,0
305.44815924102886,311.35740969995794,1673.0065115358207,35.50270763364962,90.94209885089994,H,0,0,0,0,0,0
300.15866244837844,312.2562525819485,1382.705698312461,42.40900122354599,154.56328533565036,H,0,0,0,0,0,0
302.8151975832377,311.93195009435743,1529.782534090824,30.78787556290249,172.7488447587529,M,0,0,0,0,0,0
305.4097778223492,309.9209193140685,1865.4525086978347,25.97314677412823,158.72922357307394,H,0,0,0,0,0,0
304.37986968884707,308.3564963255261,1860.680505922389,47.31588231898265,-32.32188571678705,M,0,0,0,0,0,0
301.5950681554225,309.5895505090616,1225.9619734690518,55.96989713399269,94.43184644038384,L,0,0,0,0,0,0
300.9245920727176,310.018017309835,1286.4934075008898,38.27697323459447,65.65393770012034,M,0,0,0,0,0,0
302.54514751419487,310.81914839150267,1628.2489482652088,42.797212023584585,111.58304744569313,M,0,0,0,0,0,0
299.2428737900277,312.2549665404393,1380.0615331939928,39.081867198336376,97.93730444155489,M,1,0,0,0,0,1
296.7209243918209,310.77058169526487,1414.1945686918782,41.34969268012716,-6.264687059525954,M,0,0,0,0,0,0
299.43931622116867,313.3751750719062,1705.0957041552047,52.835604246452455,168.96796681218495,L,0,0,0,0,0,0
300.9648598557315,309.9791752208118,1457.7825044653723,51.29964531463606,114.50042101840296,L,0,0,0,0,0,0
301.9244498751353,308.3425011037992,1516.4137747237114,37.254768999846895,114.25398225476636,M,0,0,0,0,0,0
297.210107278167,309.3223253665414,1505.2674514918835,40.76115416534135,113.60926330201228,M,0,0,0,0,0,0
297.4051135790553,309.6035416984428,1640.4658729251419,41.4284159720443,69.20340004341011,L,0,0,0,0,0,0
301.824978990941,312.61230393519224,1932.1916868134606,36.899208504441226,132.96406798142658,M,0,0,0,0,0,0
300.76532658612814,311.6986368250324,1506.1838951888892,27.8891979268592,217.62357538043503,L,0,0,0,0,0,0
299.91600836367934,312.380769122598,1176.5529078909233,45.41583337479873,135.25596268042713,M,0,0,0,0,0,0
299.2720076959417,308.0964089052471,1255.6812869588596,23.55600788735874,41.9742907403609,H,1,0,0,1,0,0
